,iter,method,train_test,r2,depth
0,0,Neumann_res,train,0.6869855147360493,0.0
1,0,Neumann_res,test,0.6864088500684561,0.0
2,0,Neumann,train,0.6884194997348132,0.0
3,0,Neumann,test,0.6882688893724247,0.0
4,0,Neumann_res,train,0.7376666270714625,1.0
5,0,Neumann_res,test,0.7341737978544571,1.0
6,0,Neumann,train,0.7387380247952016,1.0
7,0,Neumann,test,0.7347164706152391,1.0
8,0,Neumann_res,train,0.7572757205936617,2.0
9,0,Neumann_res,test,0.7519717918995515,2.0
10,0,Neumann,train,0.7606239933433012,2.0
11,0,Neumann,test,0.7555091218037018,2.0
12,0,Neumann_res,train,0.7674829844138491,3.0
13,0,Neumann_res,test,0.762410608196026,3.0
14,0,Neumann,train,0.7716819396506291,3.0
15,0,Neumann,test,0.7657081093294722,3.0
16,0,Neumann_res,train,0.7778033944029243,4.0
17,0,Neumann_res,test,0.7704063974293954,4.0
18,0,Neumann,train,0.7794989360979567,4.0
19,0,Neumann,test,0.7709837738282463,4.0
20,0,Neumann_res,train,0.7812516637382347,5.0
21,0,Neumann_res,test,0.7710837276598332,5.0
22,0,Neumann,train,0.7830891906264753,5.0
23,0,Neumann,test,0.7730970043354766,5.0
24,0,Neumann_res,train,0.7830781337572966,6.0
25,0,Neumann_res,test,0.7721625053151366,6.0
26,0,Neumann,train,0.7865323010355317,6.0
27,0,Neumann,test,0.7749462436926251,6.0
28,0,Neumann_res,train,0.7852332931959951,7.0
29,0,Neumann_res,test,0.7700897087043236,7.0
30,0,Neumann,train,0.7880028569596489,7.0
31,0,Neumann,test,0.7743436359975362,7.0
32,0,Neumann_res,train,0.7886972719112398,8.0
33,0,Neumann_res,test,0.7747605086970824,8.0
34,0,Neumann,train,0.7899309971136899,8.0
35,0,Neumann,test,0.7728665890798584,8.0
36,0,Neumann_res,train,0.7905773963902374,9.0
37,0,Neumann_res,test,0.7726306684233515,9.0
38,0,Neumann,train,0.7908523789288098,9.0
39,0,Neumann,test,0.7720245996981423,9.0
40,0,Neumann_analytic,,0.5539845123526681,0.0
41,0,Neumann_analytic,,0.6093813353710978,1.0
42,0,Neumann_analytic,,0.6396258026903736,2.0
43,0,Neumann_analytic,,0.6595417328035295,3.0
44,0,Neumann_analytic,,0.6740272256856669,4.0
45,0,Neumann_analytic,,0.6852296977457231,5.0
46,0,Neumann_analytic,,0.7184754078039002,10.0
47,0,Neumann_analytic,,0.7360382956889496,15.0
48,0,Neumann_analytic,,0.747358368963809,20.0
49,0,Neumann_analytic,,0.7614380102405863,30.0
50,0,Neumann_analytic,,0.7699464482769715,40.0
51,0,Neumann_analytic,,0.7756357736988104,50.0
52,0,Neumann_analytic,,0.7882902687265539,100.0
53,0,Bayes_rate,train,0.7882902687265539,
54,0,Bayes_rate,test,0.7882902687265539,
55,1,Neumann_res,train,0.7925020273625355,0.0
56,1,Neumann_res,test,0.7911409460143942,0.0
57,1,Neumann,train,0.7931239796337599,0.0
58,1,Neumann,test,0.7913007304052011,0.0
59,1,Neumann_res,train,0.8236300673503343,1.0
60,1,Neumann_res,test,0.8199754192282739,1.0
61,1,Neumann,train,0.8219531646586495,1.0
62,1,Neumann,test,0.8172775947374341,1.0
63,1,Neumann_res,train,0.8337672733348618,2.0
64,1,Neumann_res,test,0.8292858803821772,2.0
65,1,Neumann,train,0.8303158704673654,2.0
66,1,Neumann,test,0.8257744584991269,2.0
67,1,Neumann_res,train,0.8417405728246787,3.0
68,1,Neumann_res,test,0.8352458682926186,3.0
69,1,Neumann,train,0.8427940818450268,3.0
70,1,Neumann,test,0.836156028499879,3.0
71,1,Neumann_res,train,0.8455580806401338,4.0
72,1,Neumann_res,test,0.8394642071378339,4.0
73,1,Neumann,train,0.8463159021634945,4.0
74,1,Neumann,test,0.8393652888695466,4.0
75,1,Neumann_res,train,0.848495113364456,5.0
76,1,Neumann_res,test,0.840667161955563,5.0
77,1,Neumann,train,0.8489001331461585,5.0
78,1,Neumann,test,0.8409856319759894,5.0
79,1,Neumann_res,train,0.8500379626830925,6.0
80,1,Neumann_res,test,0.8409617656385695,6.0
81,1,Neumann,train,0.8503925220036563,6.0
82,1,Neumann,test,0.8403355272546189,6.0
83,1,Neumann_res,train,0.850149005973595,7.0
84,1,Neumann_res,test,0.839968450604317,7.0
85,1,Neumann,train,0.8517549121714764,7.0
86,1,Neumann,test,0.840116360841318,7.0
87,1,Neumann_res,train,0.8530071864678904,8.0
88,1,Neumann_res,test,0.8410230706800712,8.0
89,1,Neumann,train,0.8530209181616907,8.0
90,1,Neumann,test,0.8403571591672248,8.0
91,1,Neumann_res,train,0.8532125573924423,9.0
92,1,Neumann_res,test,0.8382532127647834,9.0
93,1,Neumann,train,0.8540704032838938,9.0
94,1,Neumann,test,0.840105334009088,9.0
95,1,Neumann_analytic,,0.7189367401845217,0.0
96,1,Neumann_analytic,,0.755100265397443,1.0
97,1,Neumann_analytic,,0.7740315239221403,2.0
98,1,Neumann_analytic,,0.7862445734803503,3.0
99,1,Neumann_analytic,,0.794987685409773,4.0
100,1,Neumann_analytic,,0.8016430928582978,5.0
101,1,Neumann_analytic,,0.8204968680670568,10.0
102,1,Neumann_analytic,,0.8296404310132788,15.0
103,1,Neumann_analytic,,0.8351762832240663,20.0
104,1,Neumann_analytic,,0.8417204366766592,30.0
105,1,Neumann_analytic,,0.8455488325738608,40.0
106,1,Neumann_analytic,,0.8480806647979212,50.0
107,1,Neumann_analytic,,0.8536218161322313,100.0
108,1,Bayes_rate,train,0.8536218161322313,
109,1,Bayes_rate,test,0.8536218161322313,
110,2,Neumann_res,train,0.8082997594659458,0.0
111,2,Neumann_res,test,0.8119053688476431,0.0
112,2,Neumann,train,0.8085927730753636,0.0
113,2,Neumann,test,0.8107990176378584,0.0
114,2,Neumann_res,train,0.8331355773263303,1.0
115,2,Neumann_res,test,0.8332200317622501,1.0
116,2,Neumann,train,0.8299777434681529,1.0
117,2,Neumann,test,0.8312525328181866,1.0
118,2,Neumann_res,train,0.8446930498127682,2.0
119,2,Neumann_res,test,0.8435587561485166,2.0
120,2,Neumann,train,0.8458051405226912,2.0
121,2,Neumann,test,0.8440227319100093,2.0
122,2,Neumann_res,train,0.8512712032073811,3.0
123,2,Neumann_res,test,0.8481778758177151,3.0
124,2,Neumann,train,0.8505037107956007,3.0
125,2,Neumann,test,0.8474590439062053,3.0
126,2,Neumann_res,train,0.8540136776713417,4.0
127,2,Neumann_res,test,0.8491935860912396,4.0
128,2,Neumann,train,0.8533643588790671,4.0
129,2,Neumann,test,0.8485122507207342,4.0
130,2,Neumann_res,train,0.8566190158782487,5.0
131,2,Neumann_res,test,0.8499214995666211,5.0
132,2,Neumann,train,0.8560386603341473,5.0
133,2,Neumann,test,0.8500724837073905,5.0
134,2,Neumann_res,train,0.8575265207832327,6.0
135,2,Neumann_res,test,0.849604541544402,6.0
136,2,Neumann,train,0.8581977774879923,6.0
137,2,Neumann,test,0.8505506271981677,6.0
138,2,Neumann_res,train,0.8586286524954414,7.0
139,2,Neumann_res,test,0.8484381151620171,7.0
140,2,Neumann,train,0.8591357669561575,7.0
141,2,Neumann,test,0.8491399571433903,7.0
142,2,Neumann_res,train,0.8600911916560786,8.0
143,2,Neumann_res,test,0.8476839640258147,8.0
144,2,Neumann,train,0.8605014903641982,8.0
145,2,Neumann,test,0.8478821160444648,8.0
146,2,Neumann_res,train,0.8611158804058061,9.0
147,2,Neumann_res,test,0.8459495121523438,9.0
148,2,Neumann,train,0.8611435120938586,9.0
149,2,Neumann,test,0.8468183732085918,9.0
150,2,Neumann_analytic,,0.7410888367932991,0.0
151,2,Neumann_analytic,,0.7773611606789529,1.0
152,2,Neumann_analytic,,0.7960316555543507,2.0
153,2,Neumann_analytic,,0.8076838660734957,3.0
154,2,Neumann_analytic,,0.8157322907972695,4.0
155,2,Neumann_analytic,,0.8216608981236077,5.0
156,2,Neumann_analytic,,0.8374532369012886,10.0
157,2,Neumann_analytic,,0.8446015158681457,15.0
158,2,Neumann_analytic,,0.8487708956751412,20.0
159,2,Neumann_analytic,,0.853521599871435,30.0
160,2,Neumann_analytic,,0.8562053162969819,40.0
161,2,Neumann_analytic,,0.8579535079874956,50.0
162,2,Neumann_analytic,,0.861873532880288,100.0
163,2,Bayes_rate,train,0.861873532880288,
164,2,Bayes_rate,test,0.861873532880288,
165,3,Neumann_res,train,0.727502292149492,0.0
166,3,Neumann_res,test,0.7262718390238112,0.0
167,3,Neumann,train,0.7325482870114652,0.0
168,3,Neumann,test,0.7306272301236247,0.0
169,3,Neumann_res,train,0.7726203358172841,1.0
170,3,Neumann_res,test,0.766560816161085,1.0
171,3,Neumann,train,0.7784385847079576,1.0
172,3,Neumann,test,0.7740309438964652,1.0
173,3,Neumann_res,train,0.7986621842116801,2.0
174,3,Neumann_res,test,0.7950943041612797,2.0
175,3,Neumann,train,0.7977147392292414,2.0
176,3,Neumann,test,0.7941662738922648,2.0
177,3,Neumann_res,train,0.8012369235052991,3.0
178,3,Neumann_res,test,0.7950323704219199,3.0
179,3,Neumann,train,0.8081905116355713,3.0
180,3,Neumann,test,0.8035629012524488,3.0
181,3,Neumann_res,train,0.8128703757063365,4.0
182,3,Neumann_res,test,0.8072367709481856,4.0
183,3,Neumann,train,0.814137330489042,4.0
184,3,Neumann,test,0.8076878493908489,4.0
185,3,Neumann_res,train,0.8152506776575363,5.0
186,3,Neumann_res,test,0.8081014133269504,5.0
187,3,Neumann,train,0.8178359152590724,5.0
188,3,Neumann,test,0.809607076717081,5.0
189,3,Neumann_res,train,0.8181299520492543,6.0
190,3,Neumann_res,test,0.8075737837475531,6.0
191,3,Neumann,train,0.8202381621694211,6.0
192,3,Neumann,test,0.8089068484872174,6.0
193,3,Neumann_res,train,0.821273907149759,7.0
194,3,Neumann_res,test,0.8087929301691507,7.0
195,3,Neumann,train,0.8220652386809721,7.0
196,3,Neumann,test,0.8094535007743565,7.0
197,3,Neumann_res,train,0.8218344431112964,8.0
198,3,Neumann_res,test,0.809577544257144,8.0
199,3,Neumann,train,0.823980501957682,8.0
200,3,Neumann,test,0.8091776419067757,8.0
201,3,Neumann_res,train,0.8233805405141807,9.0
202,3,Neumann_res,test,0.8087466335316096,9.0
203,3,Neumann,train,0.8258707315550176,9.0
204,3,Neumann,test,0.810600359198068,9.0
205,3,Neumann_analytic,,0.5886922973367331,0.0
206,3,Neumann_analytic,,0.6485627019216974,1.0
207,3,Neumann_analytic,,0.681616074508083,2.0
208,3,Neumann_analytic,,0.7032195752574661,3.0
209,3,Neumann_analytic,,0.7187996389770508,4.0
210,3,Neumann_analytic,,0.7307538310695806,5.0
211,3,Neumann_analytic,,0.7653382782753273,10.0
212,3,Neumann_analytic,,0.7825259851892491,15.0
213,3,Neumann_analytic,,0.7929396889510656,20.0
214,3,Neumann_analytic,,0.8049708183356592,30.0
215,3,Neumann_analytic,,0.8116882697028422,40.0
216,3,Neumann_analytic,,0.8159357961936825,50.0
217,3,Neumann_analytic,,0.8245955157172427,100.0
218,3,Bayes_rate,train,0.8245955157172427,
219,3,Bayes_rate,test,0.8245955157172427,
220,4,Neumann_res,train,0.7407860459801222,0.0
221,4,Neumann_res,test,0.7381735813759862,0.0
222,4,Neumann,train,0.7405019029331221,0.0
223,4,Neumann,test,0.738096389582382,0.0
224,4,Neumann_res,train,0.7783596388226881,1.0
225,4,Neumann_res,test,0.7754130484692909,1.0
226,4,Neumann,train,0.7763802568615381,1.0
227,4,Neumann,test,0.7744508284218594,1.0
228,4,Neumann_res,train,0.7905246867670848,2.0
229,4,Neumann_res,test,0.7862224562895419,2.0
230,4,Neumann,train,0.7960998035031325,2.0
231,4,Neumann,test,0.7937469588885959,2.0
232,4,Neumann_res,train,0.8017592449258104,3.0
233,4,Neumann_res,test,0.7973365611590082,3.0
234,4,Neumann,train,0.8041758367931897,3.0
235,4,Neumann,test,0.800967048171642,3.0
236,4,Neumann_res,train,0.806781370954616,4.0
237,4,Neumann_res,test,0.8007283658471296,4.0
238,4,Neumann,train,0.8090323974307524,4.0
239,4,Neumann,test,0.802309031646647,4.0
240,4,Neumann_res,train,0.8107287753187822,5.0
241,4,Neumann_res,test,0.8012502183376651,5.0
242,4,Neumann,train,0.8134996742254669,5.0
243,4,Neumann,test,0.8053003468046187,5.0
244,4,Neumann_res,train,0.8140121103271004,6.0
245,4,Neumann_res,test,0.8029515742861748,6.0
246,4,Neumann,train,0.8150806038266012,6.0
247,4,Neumann,test,0.8050080935759237,6.0
248,4,Neumann_res,train,0.8152950024640707,7.0
249,4,Neumann_res,test,0.8039710759758152,7.0
250,4,Neumann,train,0.8176069585578353,7.0
251,4,Neumann,test,0.8043022883815044,7.0
252,4,Neumann_res,train,0.8185053728061298,8.0
253,4,Neumann_res,test,0.804602563953558,8.0
254,4,Neumann,train,0.8185771932541664,8.0
255,4,Neumann,test,0.8043954231050887,8.0
256,4,Neumann_res,train,0.8195101739186026,9.0
257,4,Neumann_res,test,0.801098088206619,9.0
258,4,Neumann,train,0.8205313946615163,9.0
259,4,Neumann,test,0.8035409452763025,9.0
260,4,Neumann_analytic,,0.6378280779077532,0.0
261,4,Neumann_analytic,,0.6815983333935056,1.0
262,4,Neumann_analytic,,0.7059185124993117,2.0
263,4,Neumann_analytic,,0.7223005041019901,3.0
264,4,Neumann_analytic,,0.7344158673568768,4.0
265,4,Neumann_analytic,,0.7438688513512333,5.0
266,4,Neumann_analytic,,0.7716803420062947,10.0
267,4,Neumann_analytic,,0.785550603988241,15.0
268,4,Neumann_analytic,,0.7939222163492052,20.0
269,4,Neumann_analytic,,0.8035806938945895,30.0
270,4,Neumann_analytic,,0.8090092194688367,40.0
271,4,Neumann_analytic,,0.8124883905270689,50.0
272,4,Neumann_analytic,,0.8199331947607468,100.0
273,4,Bayes_rate,train,0.8199331947607468,
274,4,Bayes_rate,test,0.8199331947607468,
275,5,Neumann_res,train,0.7804658692744834,0.0
276,5,Neumann_res,test,0.7802114823178667,0.0
277,5,Neumann,train,0.772246330227703,0.0
278,5,Neumann,test,0.7726690743504461,0.0
279,5,Neumann_res,train,0.8107639107683,1.0
280,5,Neumann_res,test,0.8087383494414482,1.0
281,5,Neumann,train,0.8085972936217897,1.0
282,5,Neumann,test,0.8065150187109213,1.0
283,5,Neumann_res,train,0.8246770295090196,2.0
284,5,Neumann_res,test,0.8205924188927746,2.0
285,5,Neumann,train,0.8248625204838455,2.0
286,5,Neumann,test,0.8209877591911884,2.0
287,5,Neumann_res,train,0.8310598232245108,3.0
288,5,Neumann_res,test,0.8255431831705538,3.0
289,5,Neumann,train,0.8321972086839291,3.0
290,5,Neumann,test,0.8263224755678076,3.0
291,5,Neumann_res,train,0.8366805952916536,4.0
292,5,Neumann_res,test,0.8297195581498478,4.0
293,5,Neumann,train,0.8367677387567574,4.0
294,5,Neumann,test,0.8299339116993498,4.0
295,5,Neumann_res,train,0.8373455145155955,5.0
296,5,Neumann_res,test,0.829276510859051,5.0
297,5,Neumann,train,0.8395842481431895,5.0
298,5,Neumann,test,0.8299562263354172,5.0
299,5,Neumann_res,train,0.8409560657909121,6.0
300,5,Neumann_res,test,0.8303200675590977,6.0
301,5,Neumann,train,0.8414174856664045,6.0
302,5,Neumann,test,0.8305044549373805,6.0
303,5,Neumann_res,train,0.8416300570030371,7.0
304,5,Neumann_res,test,0.8295506732158149,7.0
305,5,Neumann,train,0.843020005834209,7.0
306,5,Neumann,test,0.8296493441079271,7.0
307,5,Neumann_res,train,0.8434741750670305,8.0
308,5,Neumann_res,test,0.8294450251475924,8.0
309,5,Neumann,train,0.8447556837361283,8.0
310,5,Neumann,test,0.8295789691948794,8.0
311,5,Neumann_res,train,0.8442572411016428,9.0
312,5,Neumann_res,test,0.8302282417683646,9.0
313,5,Neumann,train,0.8459174894544234,9.0
314,5,Neumann,test,0.8298287091658876,9.0
315,5,Neumann_analytic,,0.6943914515684965,0.0
316,5,Neumann_analytic,,0.7335876537608038,1.0
317,5,Neumann_analytic,,0.754888491913309,2.0
318,5,Neumann_analytic,,0.7687023216884847,3.0
319,5,Neumann_analytic,,0.778572534794358,4.0
320,5,Neumann_analytic,,0.7860755394369183,5.0
321,5,Neumann_analytic,,0.8074752550154218,10.0
322,5,Neumann_analytic,,0.8180626424742361,15.0
323,5,Neumann_analytic,,0.8245120514224953,20.0
324,5,Neumann_analytic,,0.8320178416036836,30.0
325,5,Neumann_analytic,,0.8362455512461859,40.0
326,5,Neumann_analytic,,0.8389464599026477,50.0
327,5,Neumann_analytic,,0.844649895021469,100.0
328,5,Bayes_rate,train,0.844649895021469,
329,5,Bayes_rate,test,0.844649895021469,
330,6,Neumann_res,train,0.7850281684149609,0.0
331,6,Neumann_res,test,0.7813873406610781,0.0
332,6,Neumann,train,0.7804812949990608,0.0
333,6,Neumann,test,0.7766501362960614,0.0
334,6,Neumann_res,train,0.809317977528411,1.0
335,6,Neumann_res,test,0.8044797611245195,1.0
336,6,Neumann,train,0.8082985859572621,1.0
337,6,Neumann,test,0.8029186650613848,1.0
338,6,Neumann_res,train,0.8262971889592311,2.0
339,6,Neumann_res,test,0.8205224583313995,2.0
340,6,Neumann,train,0.8290117368822242,2.0
341,6,Neumann,test,0.8236615148686897,2.0
342,6,Neumann_res,train,0.8335959926288926,3.0
343,6,Neumann_res,test,0.8268086468692456,3.0
344,6,Neumann,train,0.8351576543842361,3.0
345,6,Neumann,test,0.8284256283777196,3.0
346,6,Neumann_res,train,0.8390864569768252,4.0
347,6,Neumann_res,test,0.8316616019295507,4.0
348,6,Neumann,train,0.8385557619219628,4.0
349,6,Neumann,test,0.830705330754498,4.0
350,6,Neumann_res,train,0.8396339895841469,5.0
351,6,Neumann_res,test,0.8302873967860429,5.0
352,6,Neumann,train,0.841368916808244,5.0
353,6,Neumann,test,0.8309731869769361,5.0
354,6,Neumann_res,train,0.8432130547814625,6.0
355,6,Neumann_res,test,0.8321716044967991,6.0
356,6,Neumann,train,0.8439785076642005,6.0
357,6,Neumann,test,0.8317306548630656,6.0
358,6,Neumann_res,train,0.8441646696932916,7.0
359,6,Neumann_res,test,0.8319925616340278,7.0
360,6,Neumann,train,0.845552243298594,7.0
361,6,Neumann,test,0.8305490806351226,7.0
362,6,Neumann_res,train,0.8442626230402609,8.0
363,6,Neumann_res,test,0.8299518712751268,8.0
364,6,Neumann,train,0.8459056574374251,8.0
365,6,Neumann,test,0.8306374861611707,8.0
366,6,Neumann_res,train,0.8466571309070245,9.0
367,6,Neumann_res,test,0.8303957170474814,9.0
368,6,Neumann,train,0.8469561805836452,9.0
369,6,Neumann,test,0.8298633009840103,9.0
370,6,Neumann_analytic,,0.7057905907006883,0.0
371,6,Neumann_analytic,,0.7452156000124455,1.0
372,6,Neumann_analytic,,0.7655865334607436,2.0
373,6,Neumann_analytic,,0.7784334287518209,3.0
374,6,Neumann_analytic,,0.7874749488578064,4.0
375,6,Neumann_analytic,,0.7942860820239351,5.0
376,6,Neumann_analytic,,0.8134395187501874,10.0
377,6,Neumann_analytic,,0.8227521844249607,15.0
378,6,Neumann_analytic,,0.8283761596110868,20.0
379,6,Neumann_analytic,,0.834882275649073,30.0
380,6,Neumann_analytic,,0.8385313442602991,40.0
381,6,Neumann_analytic,,0.8408590973370547,50.0
382,6,Neumann_analytic,,0.8457625966944378,100.0
383,6,Bayes_rate,train,0.8457625966944378,
384,6,Bayes_rate,test,0.8457625966944378,
385,7,Neumann_res,train,0.7179814603058179,0.0
386,7,Neumann_res,test,0.7127144528716586,0.0
387,7,Neumann,train,0.7136454785553654,0.0
388,7,Neumann,test,0.7087315567616289,0.0
389,7,Neumann_res,train,0.7607564931674873,1.0
390,7,Neumann_res,test,0.7540297913234242,1.0
391,7,Neumann,train,0.7603755635382263,1.0
392,7,Neumann,test,0.7536268517163682,1.0
393,7,Neumann_res,train,0.7747721931064124,2.0
394,7,Neumann_res,test,0.7672966973006229,2.0
395,7,Neumann,train,0.7816769266610037,2.0
396,7,Neumann,test,0.7729710683697069,2.0
397,7,Neumann_res,train,0.7854515639966823,3.0
398,7,Neumann_res,test,0.7736662501558235,3.0
399,7,Neumann,train,0.7903660329949901,3.0
400,7,Neumann,test,0.7798862706943727,3.0
401,7,Neumann_res,train,0.7957446813175647,4.0
402,7,Neumann_res,test,0.7839452565127052,4.0
403,7,Neumann,train,0.7964627070109914,4.0
404,7,Neumann,test,0.7832711071130392,4.0
405,7,Neumann_res,train,0.7993342879513989,5.0
406,7,Neumann_res,test,0.7861885570548478,5.0
407,7,Neumann,train,0.8001319358526986,5.0
408,7,Neumann,test,0.7854194159174361,5.0
409,7,Neumann_res,train,0.8021728170847648,6.0
410,7,Neumann_res,test,0.7871612050002232,6.0
411,7,Neumann,train,0.802774321006842,6.0
412,7,Neumann,test,0.7853291136966154,6.0
413,7,Neumann_res,train,0.8041979305763988,7.0
414,7,Neumann_res,test,0.7891975791321177,7.0
415,7,Neumann,train,0.8060498519316903,7.0
416,7,Neumann,test,0.7873589876161647,7.0
417,7,Neumann_res,train,0.8056117605684159,8.0
418,7,Neumann_res,test,0.7879612930893048,8.0
419,7,Neumann,train,0.807810614995405,8.0
420,7,Neumann,test,0.7859856223194497,8.0
421,7,Neumann_res,train,0.806779500763035,9.0
422,7,Neumann_res,test,0.7841274995725981,9.0
423,7,Neumann,train,0.8087520556928574,9.0
424,7,Neumann,test,0.7851817040361763,9.0
425,7,Neumann_analytic,,0.6140840094680085,0.0
426,7,Neumann_analytic,,0.6597047062768857,1.0
427,7,Neumann_analytic,,0.6851166116781959,2.0
428,7,Neumann_analytic,,0.7022128226174428,3.0
429,7,Neumann_analytic,,0.7148552574938505,4.0
430,7,Neumann_analytic,,0.7247346898339352,5.0
431,7,Neumann_analytic,,0.7540774688336568,10.0
432,7,Neumann_analytic,,0.7690153085683259,15.0
433,7,Neumann_analytic,,0.7781543702084799,20.0
434,7,Neumann_analytic,,0.7887612787996503,30.0
435,7,Neumann_analytic,,0.7947103756164904,40.0
436,7,Neumann_analytic,,0.798508177813145,50.0
437,7,Neumann_analytic,,0.8066292123292874,100.0
438,7,Bayes_rate,train,0.8066292123292874,
439,7,Bayes_rate,test,0.8066292123292874,
440,8,Neumann_res,train,0.7010504632399777,0.0
441,8,Neumann_res,test,0.6973164838967854,0.0
442,8,Neumann,train,0.7000420645467218,0.0
443,8,Neumann,test,0.6967495527517145,0.0
444,8,Neumann_res,train,0.7473722935146765,1.0
445,8,Neumann_res,test,0.7440071260942819,1.0
446,8,Neumann,train,0.7504920876645886,1.0
447,8,Neumann,test,0.7463602776580043,1.0
448,8,Neumann_res,train,0.7694052470395477,2.0
449,8,Neumann_res,test,0.7664919132668253,2.0
450,8,Neumann,train,0.7731081694963207,2.0
451,8,Neumann,test,0.7697708860728889,2.0
452,8,Neumann_res,train,0.7810475363325444,3.0
453,8,Neumann_res,test,0.7759738106232019,3.0
454,8,Neumann,train,0.7857702072840658,3.0
455,8,Neumann,test,0.7807242502413336,3.0
456,8,Neumann_res,train,0.7919473802363804,4.0
457,8,Neumann_res,test,0.7850488269328442,4.0
458,8,Neumann,train,0.7944806324341765,4.0
459,8,Neumann,test,0.7878372236043298,4.0
460,8,Neumann_res,train,0.7956041738641113,5.0
461,8,Neumann_res,test,0.7876906966196214,5.0
462,8,Neumann,train,0.7985278914034697,5.0
463,8,Neumann,test,0.7906282352295132,5.0
464,8,Neumann_res,train,0.7986751917905649,6.0
465,8,Neumann_res,test,0.788302865934778,6.0
466,8,Neumann,train,0.8020405133797358,6.0
467,8,Neumann,test,0.7920089860906709,6.0
468,8,Neumann_res,train,0.8033381949994385,7.0
469,8,Neumann_res,test,0.7910440414277041,7.0
470,8,Neumann,train,0.8035976272180465,7.0
471,8,Neumann,test,0.7912852992367383,7.0
472,8,Neumann_res,train,0.8037509698067636,8.0
473,8,Neumann_res,test,0.7890225769355623,8.0
474,8,Neumann,train,0.805868417946588,8.0
475,8,Neumann,test,0.790439532985119,8.0
476,8,Neumann_res,train,0.8067806015094972,9.0
477,8,Neumann_res,test,0.7922878035682518,9.0
478,8,Neumann,train,0.8084013698824043,9.0
479,8,Neumann,test,0.7899962751635332,9.0
480,8,Neumann_analytic,,0.5444830163179277,0.0
481,8,Neumann_analytic,,0.614780436555787,1.0
482,8,Neumann_analytic,,0.6532153285278458,2.0
483,8,Neumann_analytic,,0.67788340720478,3.0
484,8,Neumann_analytic,,0.6952850753721047,4.0
485,8,Neumann_analytic,,0.7083606980487525,5.0
486,8,Neumann_analytic,,0.744987574931536,10.0
487,8,Neumann_analytic,,0.7629452050275751,15.0
488,8,Neumann_analytic,,0.7739142119287149,20.0
489,8,Neumann_analytic,,0.7867282664094228,30.0
490,8,Neumann_analytic,,0.7939696615364851,40.0
491,8,Neumann_analytic,,0.7986077811105055,50.0
492,8,Neumann_analytic,,0.8085178623426035,100.0
493,8,Bayes_rate,train,0.8085178623426035,
494,8,Bayes_rate,test,0.8085178623426035,
495,9,Neumann_res,train,0.7404562774192749,0.0
496,9,Neumann_res,test,0.7323509806142776,0.0
497,9,Neumann,train,0.7433935873425177,0.0
498,9,Neumann,test,0.7352926961102064,0.0
499,9,Neumann_res,train,0.7776688082826928,1.0
500,9,Neumann_res,test,0.7699231638275916,1.0
501,9,Neumann,train,0.7838953958089188,1.0
502,9,Neumann,test,0.7775783305825098,1.0
503,9,Neumann_res,train,0.796551950326875,2.0
504,9,Neumann_res,test,0.788164611217281,2.0
505,9,Neumann,train,0.8001954597627128,2.0
506,9,Neumann,test,0.7929874972100331,2.0
507,9,Neumann_res,train,0.8054941077068827,3.0
508,9,Neumann_res,test,0.7956248962919555,3.0
509,9,Neumann,train,0.8092809669789958,3.0
510,9,Neumann,test,0.7996815570699939,3.0
511,9,Neumann_res,train,0.8129221925586082,4.0
512,9,Neumann_res,test,0.8016101472416675,4.0
513,9,Neumann,train,0.8153501278176225,4.0
514,9,Neumann,test,0.8031817358586375,4.0
515,9,Neumann_res,train,0.8164733382887264,5.0
516,9,Neumann_res,test,0.8040257568534855,5.0
517,9,Neumann,train,0.8184578011453153,5.0
518,9,Neumann,test,0.8034944071748185,5.0
519,9,Neumann_res,train,0.818395324557687,6.0
520,9,Neumann_res,test,0.803890682258311,6.0
521,9,Neumann,train,0.8207905786946671,6.0
522,9,Neumann,test,0.8059388548121722,6.0
523,9,Neumann_res,train,0.8206817426735705,7.0
524,9,Neumann_res,test,0.8035655680482603,7.0
525,9,Neumann,train,0.8225657233125401,7.0
526,9,Neumann,test,0.8054618349191982,7.0
527,9,Neumann_res,train,0.8212361899322024,8.0
528,9,Neumann_res,test,0.801716023396256,8.0
529,9,Neumann,train,0.8231572129984439,8.0
530,9,Neumann,test,0.8060648295415718,8.0
531,9,Neumann_res,train,0.8251383489558576,9.0
532,9,Neumann_res,test,0.8058391439098591,9.0
533,9,Neumann,train,0.8241057982152208,9.0
534,9,Neumann,test,0.8021469863017358,9.0
535,9,Neumann_analytic,,0.5692698031616411,0.0
536,9,Neumann_analytic,,0.6317290938471469,1.0
537,9,Neumann_analytic,,0.6663016986515663,2.0
538,9,Neumann_analytic,,0.6892169648170456,3.0
539,9,Neumann_analytic,,0.7058878480582707,4.0
540,9,Neumann_analytic,,0.7187191772043664,5.0
541,9,Neumann_analytic,,0.7556891370951725,10.0
542,9,Neumann_analytic,,0.7738588793748571,15.0
543,9,Neumann_analytic,,0.7848143396122954,20.0
544,9,Neumann_analytic,,0.7975001343472796,30.0
545,9,Neumann_analytic,,0.8046902141878345,40.0
546,9,Neumann_analytic,,0.809348967779425,50.0
547,9,Neumann_analytic,,0.8195595287144428,100.0
548,9,Bayes_rate,train,0.8195595287144428,
549,9,Bayes_rate,test,0.8195595287144428,
550,10,Neumann_res,train,0.7677394228225684,0.0
551,10,Neumann_res,test,0.7655588006913925,0.0
552,10,Neumann,train,0.7677988377277143,0.0
553,10,Neumann,test,0.7653009839582756,0.0
554,10,Neumann_res,train,0.7971645773918633,1.0
555,10,Neumann_res,test,0.794236396783106,1.0
556,10,Neumann,train,0.8049593186117603,1.0
557,10,Neumann,test,0.8026811605143498,1.0
558,10,Neumann_res,train,0.8204825037576433,2.0
559,10,Neumann_res,test,0.8179323287844753,2.0
560,10,Neumann,train,0.8218375894711807,2.0
561,10,Neumann,test,0.8192848938034382,2.0
562,10,Neumann_res,train,0.830319676266365,3.0
563,10,Neumann_res,test,0.8260530279816449,3.0
564,10,Neumann,train,0.8292707681337241,3.0
565,10,Neumann,test,0.8242068858173122,3.0
566,10,Neumann_res,train,0.8312416553011218,4.0
567,10,Neumann_res,test,0.8240233417040341,4.0
568,10,Neumann,train,0.8340871214158516,4.0
569,10,Neumann,test,0.8281017075463595,4.0
570,10,Neumann_res,train,0.8356450402253163,5.0
571,10,Neumann_res,test,0.8286195009687665,5.0
572,10,Neumann,train,0.8361568793839069,5.0
573,10,Neumann,test,0.8282883858051022,5.0
574,10,Neumann_res,train,0.8377830574559992,6.0
575,10,Neumann_res,test,0.8296507312750344,6.0
576,10,Neumann,train,0.8396287466754647,6.0
577,10,Neumann,test,0.8298094930168596,6.0
578,10,Neumann_res,train,0.8407564215521732,7.0
579,10,Neumann_res,test,0.8301246551090751,7.0
580,10,Neumann,train,0.8402841140301938,7.0
581,10,Neumann,test,0.8305841116873294,7.0
582,10,Neumann_res,train,0.840821298343831,8.0
583,10,Neumann_res,test,0.8282461662583296,8.0
584,10,Neumann,train,0.8408542051516354,8.0
585,10,Neumann,test,0.8286604741114707,8.0
586,10,Neumann_res,train,0.842444385684044,9.0
587,10,Neumann_res,test,0.8311080764248261,9.0
588,10,Neumann,train,0.8436233097287473,9.0
589,10,Neumann,test,0.8284872829247202,9.0
590,10,Neumann_analytic,,0.6644232442568827,0.0
591,10,Neumann_analytic,,0.7127833214810944,1.0
592,10,Neumann_analytic,,0.7396663995501387,2.0
593,10,Neumann_analytic,,0.7567971638450927,3.0
594,10,Neumann_analytic,,0.7687195425765017,4.0
595,10,Neumann_analytic,,0.7775435648564734,5.0
596,10,Neumann_analytic,,0.8013518946879223,10.0
597,10,Neumann_analytic,,0.8124424170357951,15.0
598,10,Neumann_analytic,,0.8190912017205982,20.0
599,10,Neumann_analytic,,0.8269311560978695,30.0
600,10,Neumann_analytic,,0.8315504531801664,40.0
601,10,Neumann_analytic,,0.8346646694671949,50.0
602,10,Neumann_analytic,,0.8420545601246743,100.0
603,10,Bayes_rate,train,0.8420545601246743,
604,10,Bayes_rate,test,0.8420545601246743,
605,11,Neumann_res,train,0.6830117946748411,0.0
606,11,Neumann_res,test,0.6810958814475249,0.0
607,11,Neumann,train,0.6811545050419271,0.0
608,11,Neumann,test,0.6789001850196353,0.0
609,11,Neumann_res,train,0.7386598221092886,1.0
610,11,Neumann_res,test,0.7339822705941765,1.0
611,11,Neumann,train,0.740006229885082,1.0
612,11,Neumann,test,0.7359297179886701,1.0
613,11,Neumann_res,train,0.7606205073031105,2.0
614,11,Neumann_res,test,0.7544482411567104,2.0
615,11,Neumann,train,0.7636752966769857,2.0
616,11,Neumann,test,0.7560437929257569,2.0
617,11,Neumann_res,train,0.7746882415239904,3.0
618,11,Neumann_res,test,0.7657878409731114,3.0
619,11,Neumann,train,0.775864771309606,3.0
620,11,Neumann,test,0.7674141560609381,3.0
621,11,Neumann_res,train,0.7789520327149693,4.0
622,11,Neumann_res,test,0.7688592637915519,4.0
623,11,Neumann,train,0.7834314118895377,4.0
624,11,Neumann,test,0.7731548861791046,4.0
625,11,Neumann_res,train,0.7847562331678739,5.0
626,11,Neumann_res,test,0.7719879363145647,5.0
627,11,Neumann,train,0.7889186330413146,5.0
628,11,Neumann,test,0.7775701866188942,5.0
629,11,Neumann_res,train,0.786914240361152,6.0
630,11,Neumann_res,test,0.7740169445357397,6.0
631,11,Neumann,train,0.7917687984360992,6.0
632,11,Neumann,test,0.778400315872302,6.0
633,11,Neumann_res,train,0.7920498789793238,7.0
634,11,Neumann_res,test,0.7769335526533232,7.0
635,11,Neumann,train,0.7922935699745666,7.0
636,11,Neumann,test,0.7769065340033089,7.0
637,11,Neumann_res,train,0.7930405219888232,8.0
638,11,Neumann_res,test,0.7756707275039522,8.0
639,11,Neumann,train,0.7954813735819305,8.0
640,11,Neumann,test,0.777498075266074,8.0
641,11,Neumann_res,train,0.7959813643090171,9.0
642,11,Neumann_res,test,0.7763128914936177,9.0
643,11,Neumann,train,0.798050022513191,9.0
644,11,Neumann,test,0.7764348163600294,9.0
645,11,Neumann_analytic,,0.5642371083158102,0.0
646,11,Neumann_analytic,,0.6251861242529294,1.0
647,11,Neumann_analytic,,0.6563148811110013,2.0
648,11,Neumann_analytic,,0.6759788871959007,3.0
649,11,Neumann_analytic,,0.6899426168171725,4.0
650,11,Neumann_analytic,,0.7005919094978377,5.0
651,11,Neumann_analytic,,0.7316200511980921,10.0
652,11,Neumann_analytic,,0.7476643581538607,15.0
653,11,Neumann_analytic,,0.7578771166325411,20.0
654,11,Neumann_analytic,,0.7704975838588177,30.0
655,11,Neumann_analytic,,0.7781419985257729,40.0
656,11,Neumann_analytic,,0.7832947962258074,50.0
657,11,Neumann_analytic,,0.7949147085371862,100.0
658,11,Bayes_rate,train,0.7949147085371862,
659,11,Bayes_rate,test,0.7949147085371862,
660,12,Neumann_res,train,0.7786865217346883,0.0
661,12,Neumann_res,test,0.7738675150068729,0.0
662,12,Neumann,train,0.7754097516987263,0.0
663,12,Neumann,test,0.7697661928521398,0.0
664,12,Neumann_res,train,0.8074430439501226,1.0
665,12,Neumann_res,test,0.8012693242882243,1.0
666,12,Neumann,train,0.8125177860079859,1.0
667,12,Neumann,test,0.8053621431236524,1.0
668,12,Neumann_res,train,0.8252970239044926,2.0
669,12,Neumann_res,test,0.8182905646492374,2.0
670,12,Neumann,train,0.8261296049913014,2.0
671,12,Neumann,test,0.8184825377284914,2.0
672,12,Neumann_res,train,0.8328959035281606,3.0
673,12,Neumann_res,test,0.8241285985955802,3.0
674,12,Neumann,train,0.8320587038867894,3.0
675,12,Neumann,test,0.8236683748390686,3.0
676,12,Neumann_res,train,0.8366395912624968,4.0
677,12,Neumann_res,test,0.827388740337148,4.0
678,12,Neumann,train,0.8365804642589055,4.0
679,12,Neumann,test,0.8263540638135591,4.0
680,12,Neumann_res,train,0.8399369913905752,5.0
681,12,Neumann_res,test,0.8281492866209543,5.0
682,12,Neumann,train,0.838924427022956,5.0
683,12,Neumann,test,0.8265465520683596,5.0
684,12,Neumann_res,train,0.8406904956814362,6.0
685,12,Neumann_res,test,0.8278003242933551,6.0
686,12,Neumann,train,0.8414715859107795,6.0
687,12,Neumann,test,0.8285675017251407,6.0
688,12,Neumann_res,train,0.8421932452018083,7.0
689,12,Neumann_res,test,0.8278045818400924,7.0
690,12,Neumann,train,0.8430845594351343,7.0
691,12,Neumann,test,0.8278457947986084,7.0
692,12,Neumann_res,train,0.8428532576651014,8.0
693,12,Neumann_res,test,0.8261815417303883,8.0
694,12,Neumann,train,0.8441933101744716,8.0
695,12,Neumann,test,0.8264852352007105,8.0
696,12,Neumann_res,train,0.844947618402644,9.0
697,12,Neumann_res,test,0.8248103854470838,9.0
698,12,Neumann,train,0.845481837349682,9.0
699,12,Neumann,test,0.8259421903916059,9.0
700,12,Neumann_analytic,,0.6975172076741947,0.0
701,12,Neumann_analytic,,0.7372236415784944,1.0
702,12,Neumann_analytic,,0.7579347822600304,2.0
703,12,Neumann_analytic,,0.7712013319415776,3.0
704,12,Neumann_analytic,,0.7806109222093306,4.0
705,12,Neumann_analytic,,0.7877044196564413,5.0
706,12,Neumann_analytic,,0.8074084626938907,10.0
707,12,Neumann_analytic,,0.8167907770236926,15.0
708,12,Neumann_analytic,,0.8224333109757381,20.0
709,12,Neumann_analytic,,0.8290279595523626,30.0
710,12,Neumann_analytic,,0.8328048395657969,40.0
711,12,Neumann_analytic,,0.8352551385351847,50.0
712,12,Neumann_analytic,,0.8405614423163988,100.0
713,12,Bayes_rate,train,0.8405614423163988,
714,12,Bayes_rate,test,0.8405614423163988,
715,13,Neumann_res,train,0.7153620975676962,0.0
716,13,Neumann_res,test,0.7167963305306639,0.0
717,13,Neumann,train,0.7140006701752003,0.0
718,13,Neumann,test,0.7148178764745416,0.0
719,13,Neumann_res,train,0.7513162187676848,1.0
720,13,Neumann_res,test,0.7491526347918613,1.0
721,13,Neumann,train,0.7591786912579703,1.0
722,13,Neumann,test,0.7579690264582195,1.0
723,13,Neumann_res,train,0.7739263864015313,2.0
724,13,Neumann_res,test,0.7695233043651191,2.0
725,13,Neumann,train,0.7798138746317411,2.0
726,13,Neumann,test,0.7768827301824643,2.0
727,13,Neumann_res,train,0.7852743708655291,3.0
728,13,Neumann_res,test,0.7800877898242209,3.0
729,13,Neumann,train,0.7900601688494322,3.0
730,13,Neumann,test,0.7866298149706563,3.0
731,13,Neumann_res,train,0.7958448177475906,4.0
732,13,Neumann_res,test,0.7913327322825299,4.0
733,13,Neumann,train,0.7963107995992242,4.0
734,13,Neumann,test,0.7898184064689564,4.0
735,13,Neumann_res,train,0.7964125006538686,5.0
736,13,Neumann_res,test,0.7890378665154153,5.0
737,13,Neumann,train,0.8009271222878106,5.0
738,13,Neumann,test,0.7931550305748938,5.0
739,13,Neumann_res,train,0.8024986879548915,6.0
740,13,Neumann_res,test,0.7914438082729336,6.0
741,13,Neumann,train,0.8035486279342154,6.0
742,13,Neumann,test,0.7941776561214341,6.0
743,13,Neumann_res,train,0.8052611823627749,7.0
744,13,Neumann_res,test,0.7932983426589372,7.0
745,13,Neumann,train,0.8055853573474846,7.0
746,13,Neumann,test,0.7931147131587704,7.0
747,13,Neumann_res,train,0.8056266663093922,8.0
748,13,Neumann_res,test,0.7915554489741063,8.0
749,13,Neumann,train,0.8066820535230589,8.0
750,13,Neumann,test,0.7913563302458122,8.0
751,13,Neumann_res,train,0.8058590086795978,9.0
752,13,Neumann_res,test,0.7931243469507978,9.0
753,13,Neumann,train,0.8076492374843874,9.0
754,13,Neumann,test,0.7945863630275571,9.0
755,13,Neumann_analytic,,0.5943020897876234,0.0
756,13,Neumann_analytic,,0.6549466804500232,1.0
757,13,Neumann_analytic,,0.685496151343776,2.0
758,13,Neumann_analytic,,0.7045205393216414,3.0
759,13,Neumann_analytic,,0.7178169095155396,4.0
760,13,Neumann_analytic,,0.7278022540461848,5.0
761,13,Neumann_analytic,,0.7560519038137653,10.0
762,13,Neumann_analytic,,0.7702451112308224,15.0
763,13,Neumann_analytic,,0.7791610215242222,20.0
764,13,Neumann_analytic,,0.7900041875709307,30.0
765,13,Neumann_analytic,,0.7964349385005425,40.0
766,13,Neumann_analytic,,0.800703238712965,50.0
767,13,Neumann_analytic,,0.8102477949907271,100.0
768,13,Bayes_rate,train,0.8102477949907271,
769,13,Bayes_rate,test,0.8102477949907271,
770,14,Neumann_res,train,0.7996273865883715,0.0
771,14,Neumann_res,test,0.7976910827854664,0.0
772,14,Neumann,train,0.7970822246782083,0.0
773,14,Neumann,test,0.7947746304605418,0.0
774,14,Neumann_res,train,0.8207563344892094,1.0
775,14,Neumann_res,test,0.8171574511186711,1.0
776,14,Neumann,train,0.8263884171155923,1.0
777,14,Neumann,test,0.8241991240562636,1.0
778,14,Neumann_res,train,0.8396557233197983,2.0
779,14,Neumann_res,test,0.836837846863981,2.0
780,14,Neumann,train,0.8427772110104961,2.0
781,14,Neumann,test,0.840011405136329,2.0
782,14,Neumann_res,train,0.8447090324841311,3.0
783,14,Neumann_res,test,0.8427511601533908,3.0
784,14,Neumann,train,0.8482075944767132,3.0
785,14,Neumann,test,0.8448960683901829,3.0
786,14,Neumann_res,train,0.8516653156734334,4.0
787,14,Neumann_res,test,0.845921048785727,4.0
788,14,Neumann,train,0.8518328587430662,4.0
789,14,Neumann,test,0.8488554602619148,4.0
790,14,Neumann_res,train,0.8540165977212711,5.0
791,14,Neumann_res,test,0.8482257213685265,5.0
792,14,Neumann,train,0.8536730951219457,5.0
793,14,Neumann,test,0.8479585008130565,5.0
794,14,Neumann_res,train,0.8546435054506939,6.0
795,14,Neumann_res,test,0.8474952024520453,6.0
796,14,Neumann,train,0.8557948633693058,6.0
797,14,Neumann,test,0.8488843645000881,6.0
798,14,Neumann_res,train,0.8560824278554606,7.0
799,14,Neumann_res,test,0.8463200393012328,7.0
800,14,Neumann,train,0.8567497974155365,7.0
801,14,Neumann,test,0.8478839399111786,7.0
802,14,Neumann_res,train,0.8568481219555354,8.0
803,14,Neumann_res,test,0.8469526206342248,8.0
804,14,Neumann,train,0.858120680086204,8.0
805,14,Neumann,test,0.847194288706002,8.0
806,14,Neumann_res,train,0.858297102664042,9.0
807,14,Neumann_res,test,0.8438685739566615,9.0
808,14,Neumann,train,0.8588009203460325,9.0
809,14,Neumann,test,0.8461368459003584,9.0
810,14,Neumann_analytic,,0.7082672014072842,0.0
811,14,Neumann_analytic,,0.7509217944395539,1.0
812,14,Neumann_analytic,,0.7739551980953886,2.0
813,14,Neumann_analytic,,0.7886630732865622,3.0
814,14,Neumann_analytic,,0.7990072689023517,4.0
815,14,Neumann_analytic,,0.8067454722193086,5.0
816,14,Neumann_analytic,,0.8279197468373357,10.0
817,14,Neumann_analytic,,0.8377468333492495,15.0
818,14,Neumann_analytic,,0.8435021509240145,20.0
819,14,Neumann_analytic,,0.8499897002943226,30.0
820,14,Neumann_analytic,,0.8535515503189747,40.0
821,14,Neumann_analytic,,0.8557949911353555,50.0
822,14,Neumann_analytic,,0.8604725714074829,100.0
823,14,Bayes_rate,train,0.8604725714074829,
824,14,Bayes_rate,test,0.8604725714074829,
825,15,Neumann_res,train,0.8110329512084966,0.0
826,15,Neumann_res,test,0.8085982844297934,0.0
827,15,Neumann,train,0.8097432593962806,0.0
828,15,Neumann,test,0.8071274663654556,0.0
829,15,Neumann_res,train,0.834341038413169,1.0
830,15,Neumann_res,test,0.8326319948830223,1.0
831,15,Neumann,train,0.8380844929646944,1.0
832,15,Neumann,test,0.8359157597528198,1.0
833,15,Neumann_res,train,0.8470086164989372,2.0
834,15,Neumann_res,test,0.8443414776932204,2.0
835,15,Neumann,train,0.8483394120395487,2.0
836,15,Neumann,test,0.8457385275713494,2.0
837,15,Neumann_res,train,0.853702993624288,3.0
838,15,Neumann_res,test,0.8489247192233882,3.0
839,15,Neumann,train,0.8537276014892257,3.0
840,15,Neumann,test,0.8485604923076502,3.0
841,15,Neumann_res,train,0.8571437342647221,4.0
842,15,Neumann_res,test,0.8509025905594089,4.0
843,15,Neumann,train,0.856899702047272,4.0
844,15,Neumann,test,0.8501019572903425,4.0
845,15,Neumann_res,train,0.8591341040638464,5.0
846,15,Neumann_res,test,0.8518453854744474,5.0
847,15,Neumann,train,0.8591946051226944,5.0
848,15,Neumann,test,0.8505695175515663,5.0
849,15,Neumann_res,train,0.8608194471999376,6.0
850,15,Neumann_res,test,0.8521435067492191,6.0
851,15,Neumann,train,0.8607990669117762,6.0
852,15,Neumann,test,0.8499656322215146,6.0
853,15,Neumann_res,train,0.8605453836781912,7.0
854,15,Neumann_res,test,0.8504848350051883,7.0
855,15,Neumann,train,0.8620314681670376,7.0
856,15,Neumann,test,0.8501016319789281,7.0
857,15,Neumann_res,train,0.8627023916588954,8.0
858,15,Neumann_res,test,0.8494334864698534,8.0
859,15,Neumann,train,0.8626712561844618,8.0
860,15,Neumann,test,0.8481002941064356,8.0
861,15,Neumann_res,train,0.8641303089976368,9.0
862,15,Neumann_res,test,0.8493507669749831,9.0
863,15,Neumann,train,0.8639010233823443,9.0
864,15,Neumann,test,0.8470352604604023,9.0
865,15,Neumann_analytic,,0.7561343212836034,0.0
866,15,Neumann_analytic,,0.7860142218753904,1.0
867,15,Neumann_analytic,,0.8015808501599103,2.0
868,15,Neumann_analytic,,0.8114082345883996,3.0
869,15,Neumann_analytic,,0.8182824232736226,4.0
870,15,Neumann_analytic,,0.8234126853363671,5.0
871,15,Neumann_analytic,,0.8375477438490095,10.0
872,15,Neumann_analytic,,0.8443473642253037,15.0
873,15,Neumann_analytic,,0.8485073100662446,20.0
874,15,Neumann_analytic,,0.8534638293708805,30.0
875,15,Neumann_analytic,,0.8563668411990772,40.0
876,15,Neumann_analytic,,0.8582886069146871,50.0
877,15,Neumann_analytic,,0.8625972645862636,100.0
878,15,Bayes_rate,train,0.8625972645862636,
879,15,Bayes_rate,test,0.8625972645862636,
880,16,Neumann_res,train,0.7559915969381028,0.0
881,16,Neumann_res,test,0.7519304319315436,0.0
882,16,Neumann,train,0.7581970610471713,0.0
883,16,Neumann,test,0.7533032454353492,0.0
884,16,Neumann_res,train,0.7953930997574439,1.0
885,16,Neumann_res,test,0.7906845557172075,1.0
886,16,Neumann,train,0.7917747602412065,1.0
887,16,Neumann,test,0.7875509602355847,1.0
888,16,Neumann_res,train,0.8073369732782285,2.0
889,16,Neumann_res,test,0.8007853818701984,2.0
890,16,Neumann,train,0.8106878762593834,2.0
891,16,Neumann,test,0.8043746805539282,2.0
892,16,Neumann_res,train,0.8124930647740465,3.0
893,16,Neumann_res,test,0.8049476647403785,3.0
894,16,Neumann,train,0.8161574163231471,3.0
895,16,Neumann,test,0.8084647937331608,3.0
896,16,Neumann_res,train,0.8213905717899339,4.0
897,16,Neumann_res,test,0.8129818926915056,4.0
898,16,Neumann,train,0.8210996460612756,4.0
899,16,Neumann,test,0.8117441206227911,4.0
900,16,Neumann_res,train,0.8245376664353558,5.0
901,16,Neumann_res,test,0.8143701647532984,5.0
902,16,Neumann,train,0.8238910132675257,5.0
903,16,Neumann,test,0.8125025938119395,5.0
904,16,Neumann_res,train,0.8247444237423904,6.0
905,16,Neumann_res,test,0.8122023329014505,6.0
906,16,Neumann,train,0.8253900658696554,6.0
907,16,Neumann,test,0.8108008128106374,6.0
908,16,Neumann_res,train,0.8266675473234849,7.0
909,16,Neumann_res,test,0.8125704956324828,7.0
910,16,Neumann,train,0.8276369685765055,7.0
911,16,Neumann,test,0.813238501825174,7.0
912,16,Neumann_res,train,0.8285902446713678,8.0
913,16,Neumann_res,test,0.8126252865535581,8.0
914,16,Neumann,train,0.8296673678347186,8.0
915,16,Neumann,test,0.8130677940284905,8.0
916,16,Neumann_res,train,0.8288825649713927,9.0
917,16,Neumann_res,test,0.8125112085513491,9.0
918,16,Neumann,train,0.8291626101209016,9.0
919,16,Neumann,test,0.8096046103365395,9.0
920,16,Neumann_analytic,,0.5850834248003483,0.0
921,16,Neumann_analytic,,0.6622174821879998,1.0
922,16,Neumann_analytic,,0.7015189992319981,2.0
923,16,Neumann_analytic,,0.7255209806960462,3.0
924,16,Neumann_analytic,,0.7418041238393402,4.0
925,16,Neumann_analytic,,0.7536312969333314,5.0
926,16,Neumann_analytic,,0.7843015899213663,10.0
927,16,Neumann_analytic,,0.7976616836220605,15.0
928,16,Neumann_analytic,,0.8052724567500551,20.0
929,16,Neumann_analytic,,0.8137792252656848,30.0
930,16,Neumann_analytic,,0.8184953119313485,40.0
931,16,Neumann_analytic,,0.8215147414601037,50.0
932,16,Neumann_analytic,,0.8280385334799114,100.0
933,16,Bayes_rate,train,0.8280385334799114,
934,16,Bayes_rate,test,0.8280385334799114,
935,17,Neumann_res,train,0.7672718359126505,0.0
936,17,Neumann_res,test,0.7656582823971874,0.0
937,17,Neumann,train,0.7666107030317586,0.0
938,17,Neumann,test,0.7660883938040733,0.0
939,17,Neumann_res,train,0.8032924237623913,1.0
940,17,Neumann_res,test,0.7974563034310769,1.0
941,17,Neumann,train,0.795344961228094,1.0
942,17,Neumann,test,0.788436989684548,1.0
943,17,Neumann_res,train,0.814594416163383,2.0
944,17,Neumann_res,test,0.8075132077108547,2.0
945,17,Neumann,train,0.8146751733311619,2.0
946,17,Neumann,test,0.8065956072643278,2.0
947,17,Neumann_res,train,0.8235540070630955,3.0
948,17,Neumann_res,test,0.8134813902435362,3.0
949,17,Neumann,train,0.8233093370679342,3.0
950,17,Neumann,test,0.8143783483420338,3.0
951,17,Neumann_res,train,0.827363629312161,4.0
952,17,Neumann_res,test,0.8173388969458992,4.0
953,17,Neumann,train,0.8272677759168224,4.0
954,17,Neumann,test,0.8173566935550232,4.0
955,17,Neumann_res,train,0.8319822262359946,5.0
956,17,Neumann_res,test,0.819605895131917,5.0
957,17,Neumann,train,0.8306163572372165,5.0
958,17,Neumann,test,0.8187069541560196,5.0
959,17,Neumann_res,train,0.8327405821465712,6.0
960,17,Neumann_res,test,0.818822870738819,6.0
961,17,Neumann,train,0.8331075495715137,6.0
962,17,Neumann,test,0.8181389098574052,6.0
963,17,Neumann_res,train,0.8332360762406528,7.0
964,17,Neumann_res,test,0.8172487223220962,7.0
965,17,Neumann,train,0.834375162163422,7.0
966,17,Neumann,test,0.81832521535321,7.0
967,17,Neumann_res,train,0.8338468780697126,8.0
968,17,Neumann_res,test,0.8173358313195346,8.0
969,17,Neumann,train,0.8357379728764387,8.0
970,17,Neumann,test,0.8159135873286614,8.0
971,17,Neumann_res,train,0.8359916139132371,9.0
972,17,Neumann_res,test,0.8176239262704661,9.0
973,17,Neumann,train,0.8357423959158282,9.0
974,17,Neumann,test,0.8159993366347036,9.0
975,17,Neumann_analytic,,0.6765562397322556,0.0
976,17,Neumann_analytic,,0.7212221202959727,1.0
977,17,Neumann_analytic,,0.7444068560951643,2.0
978,17,Neumann_analytic,,0.7590422221479813,3.0
979,17,Neumann_analytic,,0.7692883810381448,4.0
980,17,Neumann_analytic,,0.7769346202698801,5.0
981,17,Neumann_analytic,,0.7978834161868725,10.0
982,17,Neumann_analytic,,0.8077805412394261,15.0
983,17,Neumann_analytic,,0.8137214536314943,20.0
984,17,Neumann_analytic,,0.8206545794088931,30.0
985,17,Neumann_analytic,,0.8246513092790144,40.0
986,17,Neumann_analytic,,0.8272866834340352,50.0
987,17,Neumann_analytic,,0.8332167643817385,100.0
988,17,Bayes_rate,train,0.8332167643817385,
989,17,Bayes_rate,test,0.8332167643817385,
990,18,Neumann_res,train,0.7477836806729207,0.0
991,18,Neumann_res,test,0.7426719040173644,0.0
992,18,Neumann,train,0.7474214498958207,0.0
993,18,Neumann,test,0.741212842410565,0.0
994,18,Neumann_res,train,0.7881599688624946,1.0
995,18,Neumann_res,test,0.7806686180500247,1.0
996,18,Neumann,train,0.7850127546640927,1.0
997,18,Neumann,test,0.7774356096522761,1.0
998,18,Neumann_res,train,0.8012675421053786,2.0
999,18,Neumann_res,test,0.7938076209931753,2.0
1000,18,Neumann,train,0.8055327876269819,2.0
1001,18,Neumann,test,0.7997102473727822,2.0
1002,18,Neumann_res,train,0.8124570354899652,3.0
1003,18,Neumann_res,test,0.8044748659785832,3.0
1004,18,Neumann,train,0.8138355383855445,3.0
1005,18,Neumann,test,0.8064273907750651,3.0
1006,18,Neumann_res,train,0.8146195435471475,4.0
1007,18,Neumann_res,test,0.8040360299317146,4.0
1008,18,Neumann,train,0.8187494365922285,4.0
1009,18,Neumann,test,0.8082054635027619,4.0
1010,18,Neumann_res,train,0.8214093934701578,5.0
1011,18,Neumann_res,test,0.808681800941704,5.0
1012,18,Neumann,train,0.8221206133010879,5.0
1013,18,Neumann,test,0.8101992691020136,5.0
1014,18,Neumann_res,train,0.8239569634492169,6.0
1015,18,Neumann_res,test,0.8092352878094324,6.0
1016,18,Neumann,train,0.8247054480434047,6.0
1017,18,Neumann,test,0.8108292336375549,6.0
1018,18,Neumann_res,train,0.8259007221920515,7.0
1019,18,Neumann_res,test,0.8102622394468015,7.0
1020,18,Neumann,train,0.8266296248759255,7.0
1021,18,Neumann,test,0.8100109906771018,7.0
1022,18,Neumann_res,train,0.8271027413024546,8.0
1023,18,Neumann_res,test,0.8101236294886858,8.0
1024,18,Neumann,train,0.8276378522590834,8.0
1025,18,Neumann,test,0.8091736823800032,8.0
1026,18,Neumann_res,train,0.8290907367412045,9.0
1027,18,Neumann_res,test,0.8099955636806697,9.0
1028,18,Neumann,train,0.8288816340315179,9.0
1029,18,Neumann,test,0.809370481413546,9.0
1030,18,Neumann_analytic,,0.6349239519042014,0.0
1031,18,Neumann_analytic,,0.6827696056392192,1.0
1032,18,Neumann_analytic,,0.7099181228984499,2.0
1033,18,Neumann_analytic,,0.7276850656329839,3.0
1034,18,Neumann_analytic,,0.7403751720396033,4.0
1035,18,Neumann_analytic,,0.7499920451249467,5.0
1036,18,Neumann_analytic,,0.7771647889366954,10.0
1037,18,Neumann_analytic,,0.7904993074556691,15.0
1038,18,Neumann_analytic,,0.7986640079190246,20.0
1039,18,Neumann_analytic,,0.8083092619282359,30.0
1040,18,Neumann_analytic,,0.8138556827792773,40.0
1041,18,Neumann_analytic,,0.8174560945629749,50.0
1042,18,Neumann_analytic,,0.8252624658281383,100.0
1043,18,Bayes_rate,train,0.8252624658281383,
1044,18,Bayes_rate,test,0.8252624658281383,
1045,19,Neumann_res,train,0.7785314018523576,0.0
1046,19,Neumann_res,test,0.774334586505538,0.0
1047,19,Neumann,train,0.781939849716743,0.0
1048,19,Neumann,test,0.7770522399549248,0.0
1049,19,Neumann_res,train,0.8153764561946437,1.0
1050,19,Neumann_res,test,0.8106564403264865,1.0
1051,19,Neumann,train,0.8165401527379558,1.0
1052,19,Neumann,test,0.8117603243441605,1.0
1053,19,Neumann_res,train,0.8275479885721675,2.0
1054,19,Neumann_res,test,0.8210700791446138,2.0
1055,19,Neumann,train,0.8268808858991719,2.0
1056,19,Neumann,test,0.821093340323962,2.0
1057,19,Neumann_res,train,0.8350737342904143,3.0
1058,19,Neumann_res,test,0.8274789723129207,3.0
1059,19,Neumann,train,0.834539356853846,3.0
1060,19,Neumann,test,0.8276273508863146,3.0
1061,19,Neumann_res,train,0.8365372190801204,4.0
1062,19,Neumann_res,test,0.8274846961044102,4.0
1063,19,Neumann,train,0.8381589666422721,4.0
1064,19,Neumann,test,0.8287157316687883,4.0
1065,19,Neumann_res,train,0.8407809697485487,5.0
1066,19,Neumann_res,test,0.8305211491572982,5.0
1067,19,Neumann,train,0.8409019877001209,5.0
1068,19,Neumann,test,0.8294982536875948,5.0
1069,19,Neumann_res,train,0.8414922339402364,6.0
1070,19,Neumann_res,test,0.8302677829931288,6.0
1071,19,Neumann,train,0.8430120451255951,6.0
1072,19,Neumann,test,0.8307846700396403,6.0
1073,19,Neumann_res,train,0.8434113029292509,7.0
1074,19,Neumann_res,test,0.8295125398894311,7.0
1075,19,Neumann,train,0.8442171144053431,7.0
1076,19,Neumann,test,0.8300193416499477,7.0
1077,19,Neumann_res,train,0.8452395160201778,8.0
1078,19,Neumann_res,test,0.8304256436464856,8.0
1079,19,Neumann,train,0.845532668619384,8.0
1080,19,Neumann,test,0.829383077940129,8.0
1081,19,Neumann_res,train,0.8454327209868219,9.0
1082,19,Neumann_res,test,0.8281979962297819,9.0
1083,19,Neumann,train,0.8462887327574041,9.0
1084,19,Neumann,test,0.8267389390839079,9.0
1085,19,Neumann_analytic,,0.6822263047564763,0.0
1086,19,Neumann_analytic,,0.7263970226293337,1.0
1087,19,Neumann_analytic,,0.7499827650814087,2.0
1088,19,Neumann_analytic,,0.7651026329475193,3.0
1089,19,Neumann_analytic,,0.7757810143052835,4.0
1090,19,Neumann_analytic,,0.7838006963311418,5.0
1091,19,Neumann_analytic,,0.8060054926998903,10.0
1092,19,Neumann_analytic,,0.8165512313911176,15.0
1093,19,Neumann_analytic,,0.8228315824958223,20.0
1094,19,Neumann_analytic,,0.8300182495783255,30.0
1095,19,Neumann_analytic,,0.8340239390445358,40.0
1096,19,Neumann_analytic,,0.836574359891067,50.0
1097,19,Neumann_analytic,,0.8419580025627643,100.0
1098,19,Bayes_rate,train,0.8419580025627643,
1099,19,Bayes_rate,test,0.8419580025627643,
